competicao,fase,data,hora,mandante,visitante,gols_mandante,gols_visitante,observacao
Paulistão,"1ª fase, 1ª rodada",2026-01-11,,Mirassol,São Paulo,3,0,
Paulistão,"1ª fase, 2ª rodada",2026-01-15,,São Paulo,São Bernardo,1,0,
Paulistão,"1ª fase, 3ª rodada",2026-01-18,,Corinthians,São Paulo,1,1,
Paulistão,"1ª fase, 4ª rodada",2026-01-21,,São Paulo,Portuguesa,2,3,
Paulistão,"1ª fase, 5ª rodada",2026-01-24,,Palmeiras,São Paulo,3,1,
Brasileirão,1ª rodada,2026-01-28,19:00,Atlético-MG,Palmeiras,2,2,
Brasileirão,1ª rodada,2026-01-28,19:00,Coritiba,Bragantino,0,1,
Brasileirão,1ª rodada,2026-01-28,19:00,Internacional,Athletico-PR,0,1,
Brasileirão,1ª rodada,2026-01-28,19:00,Vitória,Remo,2,0,
Brasileirão,1ª rodada,2026-01-28,19:30,Fluminense,Grêmio,2,1,
Brasileirão,1ª rodada,2026-01-28,20:00,Chapecoense,Santos,4,2,
Brasileirão,1ª rodada,2026-01-28,20:00,Corinthians,Bahia,1,2,
Brasileirão,1ª rodada,2026-01-28,21:30,São Paulo,Flamengo,2,1,
Brasileirão,1ª rodada,2026-01-29,20:00,Mirassol,Vasco da Gama,2,1,
Brasileirão,1ª rodada,2026-01-29,21:30,Botafogo,Cruzeiro,4,0,
Paulistão,"1ª fase, 6ª rodada",2026-01-31,,São Paulo,Santos,2,0,
Brasileirão,2ª rodada,2026-02-04,19:00,Bragantino,Atlético-MG,1,0,
Brasileirão,2ª rodada,2026-02-04,19:00,Flamengo,Internacional,1,1,
Brasileirão,2ª rodada,2026-02-04,20:00,Remo,Mirassol,2,2,
Brasileirão,2ª rodada,2026-02-04,20:00,Santos,São Paulo,1,1,
Brasileirão,2ª rodada,2026-02-04,21:30,Grêmio,Botafogo,5,3,
Brasileirão,2ª rodada,2026-02-04,21:30,Palmeiras,Vitória,5,1,
Brasileirão,2ª rodada,2026-02-05,19:00,Bahia,Fluminense,1,1,
Brasileirão,2ª rodada,2026-02-05,20:00,Vasco da Gama,Chapecoense,1,1,
Brasileirão,2ª rodada,2026-02-05,21:30,Cruzeiro,Coritiba,1,2,
Paulistão,"1ª fase, 7ª rodada",2026-02-07,,São Paulo,Primavera,2,1,
Brasileirão,3ª rodada,2026-02-10,21:30,Vitória,Flamengo,1,2,
Brasileirão,3ª rodada,2026-02-11,19:00,Chapecoense,Coritiba,3,3,
Brasileirão,3ª rodada,2026-02-11,19:00,Mirassol,Cruzeiro,2,2,
Brasileirão,3ª rodada,2026-02-11,20:00,Atlético-MG,Remo,3,3,
Brasileirão,3ª rodada,2026-02-11,21:30,São Paulo,Grêmio,2,0,
Brasileirão,3ª rodada,2026-02-11,21:30,Vasco da Gama,Bahia,0,1,
Brasileirão,3ª rodada,2026-02-12,19:00,Athletico-PR,Santos,2,1,
Brasileirão,3ª rodada,2026-02-12,19:30,Fluminense,Botafogo,1,0,
Brasileirão,3ª rodada,2026-02-12,20:00,Corinthians,Bragantino,2,0,
Brasileirão,3ª rodada,2026-02-12,21:30,Internacional,Palmeiras,1,3,
Paulistão,"1ª fase, 8ª rodada",2026-02-15,,Ponte Preta,São Paulo,1,2,
Brasileirão,2ª rodada,2026-02-19,19:30,Athletico-PR,Corinthians,0,1,
Paulistão,Quartas de final,2026-02-21,,Bragantino,São Paulo,1,2,
Brasileirão,4ª rodada,2026-02-25,19:00,Bragantino,Athletico-PR,1,1,
Brasileirão,4ª rodada,2026-02-25,19:00,Remo,Internacional,1,1,
Brasileirão,4ª rodada,2026-02-25,19:30,Coritiba,São Paulo,0,1,
Brasileirão,4ª rodada,2026-02-25,20:00,Cruzeiro,Corinthians,1,1,
Brasileirão,4ª rodada,2026-02-25,21:30,Grêmio,Atlético-MG,2,1,
Brasileirão,4ª rodada,2026-02-25,21:30,Palmeiras,Fluminense,2,1,
Brasileirão,4ª rodada,2026-02-26,19:00,Santos,Vasco da Gama,2,1,
Paulistão,Semifinal,2026-03-01,,Palmeiras,São Paulo,2,1,Eliminado na semifinal
Brasileirão,5ª rodada,2026-03-10,21:30,Mirassol,Santos,2,2,
Brasileirão,5ª rodada,2026-03-11,19:00,Atlético-MG,Internacional,1,0,
Brasileirão,5ª rodada,2026-03-11,20:00,Bahia,Vitória,1,1,
Brasileirão,5ª rodada,2026-03-11,21:30,Corinthians,Coritiba,0,2,
Brasileirão,5ª rodada,2026-03-11,21:30,Flamengo,Cruzeiro,2,0,
Brasileirão,5ª rodada,2026-03-12,19:00,Remo,Fluminense,0,2,
Brasileirão,5ª rodada,2026-03-12,19:30,Vasco da Gama,Palmeiras,2,1,
Brasileirão,5ª rodada,2026-03-12,20:00,São Paulo,Chapecoense,2,0,
Brasileirão,5ª rodada,2026-03-12,21:30,Grêmio,Bragantino,1,1,
Brasileirão,6ª rodada,2026-03-14,18:30,Vitória,Atlético-MG,2,0,
Brasileirão,6ª rodada,2026-03-14,20:30,Botafogo,Flamengo,0,3,
Brasileirão,6ª rodada,2026-03-15,16:00,Fluminense,Athletico-PR,3,2,
Brasileirão,6ª rodada,2026-03-15,16:00,Internacional,Bahia,0,1,
Brasileirão,6ª rodada,2026-03-15,16:00,Santos,Corinthians,1,1,
Brasileirão,6ª rodada,2026-03-15,18:30,Coritiba,Remo,1,0,
Brasileirão,6ª rodada,2026-03-15,18:30,Palmeiras,Mirassol,1,0,
Brasileirão,6ª rodada,2026-03-15,20:30,Bragantino,São Paulo,1,2,
Brasileirão,6ª rodada,2026-03-15,20:30,Cruzeiro,Vasco da Gama,3,3,
Brasileirão,6ª rodada,2026-03-16,20:00,Chapecoense,Grêmio,1,1,
Brasileirão,7ª rodada,2026-03-18,19:00,Bahia,Bragantino,2,0,
Brasileirão,7ª rodada,2026-03-18,19:00,Palmeiras,Botafogo,2,1,
Brasileirão,7ª rodada,2026-03-18,19:30,Athletico-PR,Cruzeiro,2,1,
Brasileirão,7ª rodada,2026-03-18,20:00,Atlético-MG,São Paulo,1,0,
Brasileirão,7ª rodada,2026-03-18,20:00,Mirassol,Coritiba,0,1,
Brasileirão,7ª rodada,2026-03-18,21:30,Santos,Internacional,1,2,
Brasileirão,7ª rodada,2026-03-18,21:30,Vasco da Gama,Fluminense,3,2,
Brasileirão,7ª rodada,2026-03-19,19:00,Grêmio,Vitória,2,0,
Brasileirão,7ª rodada,2026-03-19,20:00,Flamengo,Remo,3,0,
Brasileirão,7ª rodada,2026-03-19,21:30,Chapecoense,Corinthians,0,0,
Brasileirão,8ª rodada,2026-03-21,16:00,Bragantino,Botafogo,1,2,
Brasileirão,8ª rodada,2026-03-21,18:30,Fluminense,Atlético-MG,1,0,
Brasileirão,8ª rodada,2026-03-21,21:00,São Paulo,Palmeiras,0,1,
Brasileirão,8ª rodada,2026-03-22,16:00,Athletico-PR,Coritiba,2,0,
Brasileirão,8ª rodada,2026-03-22,16:00,Cruzeiro,Santos,0,0,
Brasileirão,8ª rodada,2026-03-22,16:00,Remo,Bahia,4,1,
Brasileirão,8ª rodada,2026-03-22,16:00,Vasco da Gama,Grêmio,2,1,
Brasileirão,8ª rodada,2026-03-22,18:30,Internacional,Chapecoense,2,0,
Brasileirão,8ª rodada,2026-03-22,18:30,Vitória,Mirassol,1,0,
Brasileirão,8ª rodada,2026-03-22,20:30,Corinthians,Flamengo,1,1,
Brasileirão,5ª rodada,2026-03-29,19:30,Athletico-PR,Botafogo,4,1,
Brasileirão,9ª rodada,2026-04-01,19:30,Botafogo,Mirassol,3,2,
Brasileirão,9ª rodada,2026-04-01,19:30,Internacional,São Paulo,1,1,
Brasileirão,9ª rodada,2026-04-01,20:00,Bahia,Athletico-PR,3,0,
Brasileirão,9ª rodada,2026-04-01,20:00,Cruzeiro,Vitória,3,0,
Brasileirão,9ª rodada,2026-04-01,20:30,Coritiba,Vasco da Gama,1,1,
Brasileirão,9ª rodada,2026-04-01,21:30,Fluminense,Corinthians,3,1,
Brasileirão,9ª rodada,2026-04-02,19:00,Chapecoense,Atlético-MG,0,4,
Brasileirão,9ª rodada,2026-04-02,19:00,Santos,Remo,2,0,
Brasileirão,9ª rodada,2026-04-02,21:30,Bragantino,Flamengo,3,0,
Brasileirão,9ª rodada,2026-04-02,21:30,Palmeiras,Grêmio,2,1,
Brasileirão,10ª rodada,2026-04-04,18:30,São Paulo,Cruzeiro,4,1,
Brasileirão,10ª rodada,2026-04-04,20:30,Coritiba,Fluminense,1,1,
Brasileirão,10ª rodada,2026-04-04,21:00,Vasco da Gama,Botafogo,1,2,
Brasileirão,10ª rodada,2026-04-05,16:00,Chapecoense,Vitória,1,1,
Brasileirão,10ª rodada,2026-04-05,17:30,Atlético-MG,Athletico-PR,2,1,
Brasileirão,10ª rodada,2026-04-05,17:30,Flamengo,Santos,3,1,
Brasileirão,10ª rodada,2026-04-05,19:30,Bahia,Palmeiras,1,2,
Brasileirão,10ª rodada,2026-04-05,19:30,Corinthians,Internacional,0,1,
Brasileirão,10ª rodada,2026-04-05,20:00,Mirassol,Bragantino,0,1,
Brasileirão,10ª rodada,2026-04-05,20:30,Grêmio,Remo,0,0,
Sul-Americana,"Fase de grupos, 1ª rodada",2026-04-07,,Boston River,São Paulo,0,1,
Brasileirão,11ª rodada,2026-04-11,16:30,Remo,Vasco da Gama,1,1,
Brasileirão,11ª rodada,2026-04-11,16:30,Vitória,São Paulo,2,0,
Brasileirão,11ª rodada,2026-04-11,18:30,Mirassol,Bahia,1,2,
Brasileirão,11ª rodada,2026-04-11,20:00,Santos,Atlético-MG,1,0,
Brasileirão,11ª rodada,2026-04-11,20:30,Internacional,Grêmio,0,0,
Brasileirão,11ª rodada,2026-04-12,11:00,Athletico-PR,Chapecoense,2,0,
Brasileirão,11ª rodada,2026-04-12,16:00,Botafogo,Coritiba,2,2,
Brasileirão,11ª rodada,2026-04-12,18:00,Fluminense,Flamengo,1,2,
Brasileirão,11ª rodada,2026-04-12,18:30,Corinthians,Palmeiras,0,0,
Brasileirão,11ª rodada,2026-04-12,18:30,Cruzeiro,Bragantino,2,1,
Sul-Americana,"Fase de grupos, 2ª rodada",2026-04-14,,São Paulo,O'Higgins,2,0,
Brasileirão,12ª rodada,2026-04-18,18:30,Chapecoense,Botafogo,1,4,
Brasileirão,12ª rodada,2026-04-18,18:30,Vasco da Gama,São Paulo,2,1,
Brasileirão,12ª rodada,2026-04-18,20:00,Vitória,Corinthians,0,0,
Brasileirão,12ª rodada,2026-04-18,20:30,Cruzeiro,Grêmio,2,0,
Brasileirão,12ª rodada,2026-04-19,11:00,Internacional,Mirassol,1,2,
Brasileirão,12ª rodada,2026-04-19,16:00,Coritiba,Atlético-MG,2,0,
Brasileirão,12ª rodada,2026-04-19,16:00,Santos,Fluminense,2,3,
Brasileirão,12ª rodada,2026-04-19,18:30,Bragantino,Remo,4,2,
Brasileirão,12ª rodada,2026-04-19,18:30,Palmeiras,Athletico-PR,1,0,
Brasileirão,12ª rodada,2026-04-19,19:30,Flamengo,Bahia,2,0,
Copa do Brasil,Mata-mata (ida),2026-04-21,,São Paulo,Juventude,1,0,
Brasileirão,13ª rodada,2026-04-25,18:30,Bahia,Santos,2,2,
Brasileirão,13ª rodada,2026-04-25,18:30,Botafogo,Internacional,2,2,
Brasileirão,13ª rodada,2026-04-25,18:30,Remo,Cruzeiro,0,1,
Brasileirão,13ª rodada,2026-04-25,21:00,São Paulo,Mirassol,1,0,
Brasileirão,13ª rodada,2026-04-26,16:00,Corinthians,Vasco da Gama,1,0,
Brasileirão,13ª rodada,2026-04-26,16:00,Grêmio,Coritiba,1,0,
Brasileirão,13ª rodada,2026-04-26,18:30,Athletico-PR,Vitória,3,1,
Brasileirão,13ª rodada,2026-04-26,18:30,Bragantino,Palmeiras,0,1,
Brasileirão,13ª rodada,2026-04-26,20:30,Atlético-MG,Flamengo,0,4,
Brasileirão,13ª rodada,2026-04-26,20:30,Fluminense,Chapecoense,2,1,
Sul-Americana,"Fase de grupos, 3ª rodada",2026-04-28,,Millonarios,São Paulo,0,0,
Brasileirão,14ª rodada,2026-05-02,16:00,Botafogo,Remo,1,2,
Brasileirão,14ª rodada,2026-05-02,18:30,Palmeiras,Santos,1,1,
Brasileirão,14ª rodada,2026-05-02,18:30,Vitória,Coritiba,4,1,
Brasileirão,14ª rodada,2026-05-02,20:30,Athletico-PR,Grêmio,0,0,
Brasileirão,14ª rodada,2026-05-02,21:00,Cruzeiro,Atlético-MG,1,3,
Brasileirão,14ª rodada,2026-05-03,16:00,Flamengo,Vasco da Gama,2,2,
Brasileirão,14ª rodada,2026-05-03,16:00,São Paulo,Bahia,2,2,
Brasileirão,14ª rodada,2026-05-03,18:30,Chapecoense,Bragantino,1,2,
Brasileirão,14ª rodada,2026-05-03,18:30,Internacional,Fluminense,2,0,
Brasileirão,14ª rodada,2026-05-03,20:30,Mirassol,Corinthians,2,1,
Sul-Americana,"Fase de grupos, 4ª rodada",2026-05-07,,O'Higgins,São Paulo,0,0,
Brasileirão,15ª rodada,2026-05-09,16:00,Coritiba,Internacional,2,2,
Brasileirão,15ª rodada,2026-05-09,18:00,Fluminense,Vitória,2,2,
Brasileirão,15ª rodada,2026-05-09,21:00,Bahia,Cruzeiro,1,2,
Brasileirão,15ª rodada,2026-05-10,16:00,Atlético-MG,Botafogo,1,1,
Brasileirão,15ª rodada,2026-05-10,17:40,Remo,Palmeiras,1,1,
Brasileirão,15ª rodada,2026-05-10,18:30,Corinthians,São Paulo,3,2,
Brasileirão,15ª rodada,2026-05-10,18:30,Mirassol,Chapecoense,1,1,
Brasileirão,15ª rodada,2026-05-10,18:30,Santos,Bragantino,2,0,
Brasileirão,15ª rodada,2026-05-10,19:30,Grêmio,Flamengo,0,1,
Brasileirão,15ª rodada,2026-05-10,20:30,Vasco da Gama,Athletico-PR,1,0,
Copa do Brasil,Mata-mata (volta),2026-05-13,,Juventude,São Paulo,3,1,Eliminado (2 x 3 no agregado)
Brasileirão,16ª rodada,2026-05-16,18:30,Atlético-MG,Mirassol,3,1,
Brasileirão,16ª rodada,2026-05-16,18:30,Internacional,Vasco da Gama,4,1,
Brasileirão,16ª rodada,2026-05-16,19:00,Fluminense,São Paulo,2,1,
Brasileirão,16ª rodada,2026-05-16,21:00,Palmeiras,Cruzeiro,1,1,
Brasileirão,16ª rodada,2026-05-17,11:00,Santos,Coritiba,0,3,
Brasileirão,16ª rodada,2026-05-17,16:00,Bahia,Grêmio,1,1,
Brasileirão,16ª rodada,2026-05-17,16:00,Botafogo,Corinthians,3,1,
Brasileirão,16ª rodada,2026-05-17,18:30,Bragantino,Vitória,2,0,
Brasileirão,16ª rodada,2026-05-17,18:30,Chapecoense,Remo,2,3,
Brasileirão,16ª rodada,2026-05-17,19:30,Athletico-PR,Flamengo,1,1,
Sul-Americana,"Fase de grupos, 5ª rodada",2026-05-19,,São Paulo,Millonarios,1,1,
Brasileirão,17ª rodada,2026-05-23,17:00,São Paulo,Botafogo,1,1,
Brasileirão,17ª rodada,2026-05-23,17:00,Vitória,Internacional,2,0,
Brasileirão,17ª rodada,2026-05-23,19:00,Grêmio,Santos,3,2,
Brasileirão,17ª rodada,2026-05-23,19:00,Mirassol,Fluminense,1,0,
Brasileirão,17ª rodada,2026-05-23,21:00,Flamengo,Palmeiras,0,3,
Brasileirão,17ª rodada,2026-05-24,16:00,Cruzeiro,Chapecoense,2,1,
Brasileirão,17ª rodada,2026-05-24,16:00,Remo,Athletico-PR,1,2,
Brasileirão,17ª rodada,2026-05-24,18:30,Corinthians,Atlético-MG,1,0,
Brasileirão,17ª rodada,2026-05-24,20:30,Vasco da Gama,Bragantino,0,3,
Brasileirão,17ª rodada,2026-05-25,20:00,Coritiba,Bahia,3,2,
Sul-Americana,"Fase de grupos, 6ª rodada",2026-05-26,,São Paulo,Boston River,2,0,
Brasileirão,18ª rodada,2026-05-30,16:00,Athletico-PR,Mirassol,1,0,
Brasileirão,18ª rodada,2026-05-30,16:00,Flamengo,Coritiba,3,0,
Brasileirão,18ª rodada,2026-05-30,17:30,Bahia,Botafogo,2,1,
Brasileirão,18ª rodada,2026-05-30,17:30,Grêmio,Corinthians,1,3,
Brasileirão,18ª rodada,2026-05-30,20:00,Santos,Vitória,3,1,
Brasileirão,18ª rodada,2026-05-31,11:00,Bragantino,Internacional,3,1,
Brasileirão,18ª rodada,2026-05-31,16:00,Palmeiras,Chapecoense,1,0,
Brasileirão,18ª rodada,2026-05-31,16:00,Vasco da Gama,Atlético-MG,0,1,
Brasileirão,18ª rodada,2026-05-31,20:30,Cruzeiro,Fluminense,1,1,
Brasileirão,18ª rodada,2026-05-31,20:30,Remo,São Paulo,1,0,
Brasileirão,19ª rodada,2026-07-16,19:30,Botafogo,Santos,2,1,
Brasileirão,19ª rodada,2026-07-16,19:30,Vitória,Vasco da Gama,1,0,
Brasileirão,4ª rodada,2026-07-17,19:30,Bahia,Chapecoense,2,0,
Brasileirão,19ª rodada,2026-07-17,20:00,Fluminense,Bragantino,1,1,
Brasileirão,19ª rodada,2026-07-17,20:00,Mirassol,Grêmio,2,1,
Brasileirão,19ª rodada,2026-07-21,19:30,Atlético-MG,Bahia,1,1,
Brasileirão,19ª rodada,2026-07-22,19:30,Coritiba,Palmeiras,1,3,
Brasileirão,19ª rodada,2026-07-22,21:30,Chapecoense,Flamengo,0,4,
Brasileirão,19ª rodada,2026-07-22,21:30,Internacional,Cruzeiro,1,2,
Brasileirão,19ª rodada,2026-07-22,21:30,São Paulo,Athletico-PR,1,2,
Brasileirão,4ª rodada,2026-07-23,19:30,Botafogo,Vitória,0,0,
Brasileirão,19ª rodada,2026-07-23,19:30,Corinthians,Remo,3,0,
Brasileirão,20ª rodada,2026-07-25,18:30,Athletico-PR,Internacional,2,0,
Brasileirão,20ª rodada,2026-07-25,18:30,Santos,Chapecoense,2,2,
Brasileirão,20ª rodada,2026-07-25,20:30,Vasco da Gama,Mirassol,1,1,
Brasileirão,20ª rodada,2026-07-26,16:00,Bahia,Corinthians,1,1,
Brasileirão,20ª rodada,2026-07-26,16:00,Cruzeiro,Botafogo,0,1,
Brasileirão,20ª rodada,2026-07-26,18:30,Bragantino,Coritiba,0,0,
Brasileirão,20ª rodada,2026-07-26,18:30,Flamengo,São Paulo,1,1,
Brasileirão,20ª rodada,2026-07-26,18:30,Grêmio,Fluminense,1,1,
Brasileirão,20ª rodada,2026-07-26,19:30,Palmeiras,Atlético-MG,1,2,
Brasileirão,20ª rodada,2026-07-26,19:30,Remo,Vitória,2,0,
Brasileirão,21ª rodada,2026-07-29,,Chapecoense,Vasco da Gama,,,Adiado; nova data a definir
Brasileirão,21ª rodada,2026-07-29,19:30,Internacional,Flamengo,1,1,
Brasileirão,21ª rodada,2026-07-29,19:30,Mirassol,Remo,2,1,
Brasileirão,21ª rodada,2026-07-29,21:30,Fluminense,Bahia,0,0,
Brasileirão,21ª rodada,2026-07-29,21:30,Vitória,Palmeiras,0,4,
Brasileirão,21ª rodada,2026-07-30,19:30,Corinthians,Athletico-PR,0,0,
Brasileirão,21ª rodada,2026-07-30,21:30,Coritiba,Cruzeiro,0,1,
Brasileirão,22ª rodada,2026-08-08,16:00,Grêmio,São Paulo,2,1,
Brasileirão,22ª rodada,2026-08-08,18:30,Remo,Atlético-MG,2,2,
Brasileirão,22ª rodada,2026-08-08,20:30,Coritiba,Chapecoense,2,1,
Brasileirão,22ª rodada,2026-08-08,21:00,Botafogo,Fluminense,1,1,
Brasileirão,22ª rodada,2026-08-09,11:00,Cruzeiro,Mirassol,3,1,
Brasileirão,22ª rodada,2026-08-09,16:00,Bahia,Vasco da Gama,0,0,
Brasileirão,22ª rodada,2026-08-09,16:00,Palmeiras,Internacional,0,0,
Brasileirão,22ª rodada,2026-08-09,18:30,Bragantino,Corinthians,0,2,
Brasileirão,22ª rodada,2026-08-09,18:30,Santos,Athletico-PR,0,2,
Brasileirão,22ª rodada,2026-08-09,19:30,Flamengo,Vitória,2,0,
Sul-Americana,Oitavas (ida),2026-08-11,,Bolívar,São Paulo,1,1,
Brasileirão,23ª rodada,2026-08-15,16:30,Fluminense,Palmeiras,3,2,
Brasileirão,23ª rodada,2026-08-15,18:30,Athletico-PR,Bragantino,1,1,
Brasileirão,23ª rodada,2026-08-15,21:00,São Paulo,Coritiba,1,1,
Brasileirão,23ª rodada,2026-08-16,11:00,Chapecoense,Bahia,3,3,
Brasileirão,23ª rodada,2026-08-16,16:00,Atlético-MG,Grêmio,3,0,
Brasileirão,23ª rodada,2026-08-16,16:00,Vasco da Gama,Santos,0,3,
Brasileirão,23ª rodada,2026-08-16,18:30,Mirassol,Flamengo,1,5,
Brasileirão,23ª rodada,2026-08-16,18:30,Vitória,Botafogo,1,0,
Brasileirão,23ª rodada,2026-08-16,19:30,Corinthians,Cruzeiro,1,2,
Brasileirão,23ª rodada,2026-08-17,20:00,Internacional,Remo,1,1,
Sul-Americana,Oitavas (volta),2026-08-18,,São Paulo,Bolívar,3,1,Classificado (4 x 2 no agregado)
Brasileirão,24ª rodada,2026-08-22,16:00,Fluminense,Remo,2,1,
Brasileirão,24ª rodada,2026-08-22,18:30,Internacional,Atlético-MG,0,0,
Brasileirão,24ª rodada,2026-08-22,20:30,Cruzeiro,Flamengo,2,1,
Brasileirão,24ª rodada,2026-08-23,16:00,Bragantino,Grêmio,1,0,
Brasileirão,24ª rodada,2026-08-23,16:00,Palmeiras,Vasco da Gama,4,1,
Brasileirão,24ª rodada,2026-08-23,16:00,Vitória,Bahia,0,2,
Brasileirão,24ª rodada,2026-08-23,18:30,Chapecoense,São Paulo,1,0,
Brasileirão,24ª rodada,2026-08-23,18:30,Santos,Mirassol,1,1,
Brasileirão,24ª rodada,2026-08-23,19:30,Coritiba,Corinthians,2,1,
Brasileirão,24ª rodada,2026-08-24,20:00,Botafogo,Athletico-PR,2,3,
Brasileirão,25ª rodada,2026-08-29,18:30,Atlético-MG,Vitória,2,1,
Brasileirão,25ª rodada,2026-08-29,20:00,São Paulo,Bragantino,2,1,
Brasileirão,25ª rodada,2026-08-29,21:20,Vasco da Gama,Cruzeiro,3,1,
Brasileirão,25ª rodada,2026-08-30,11:00,Athletico-PR,Fluminense,3,3,
Brasileirão,25ª rodada,2026-08-30,16:00,Corinthians,Santos,0,1,
Brasileirão,25ª rodada,2026-08-30,16:00,Flamengo,Botafogo,3,0,
Brasileirão,25ª rodada,2026-08-30,18:30,Grêmio,Chapecoense,3,1,
Brasileirão,25ª rodada,2026-08-30,18:30,Mirassol,Palmeiras,1,1,
Brasileirão,25ª rodada,2026-08-30,19:30,Bahia,Internacional,3,2,
Brasileirão,25ª rodada,2026-08-31,20:00,Remo,Coritiba,2,3,
Brasileirão,4ª rodada,2026-09-02,19:30,Flamengo,Mirassol,2,0,
Brasileirão,26ª rodada,2026-09-05,16:00,Bragantino,Bahia,2,3,
Brasileirão,26ª rodada,2026-09-05,18:30,São Paulo,Atlético-MG,2,0,
Brasileirão,26ª rodada,2026-09-05,21:00,Fluminense,Vasco da Gama,1,0,
Brasileirão,26ª rodada,2026-09-06,11:00,Coritiba,Mirassol,1,2,
Brasileirão,26ª rodada,2026-09-06,16:00,Cruzeiro,Athletico-PR,3,1,
Brasileirão,26ª rodada,2026-09-06,16:00,Internacional,Santos,2,3,
Brasileirão,26ª rodada,2026-09-06,16:00,Remo,Flamengo,0,1,
Brasileirão,26ª rodada,2026-09-06,18:30,Botafogo,Palmeiras,0,0,
Brasileirão,26ª rodada,2026-09-06,19:30,Corinthians,Chapecoense,1,2,
Brasileirão,26ª rodada,2026-09-07,20:00,Vitória,Grêmio,1,0,
Sul-Americana,Quartas (ida),2026-09-08,,Boca Juniors,São Paulo,1,0,
Brasileirão,27ª rodada,2026-09-11,21:00,Coritiba,Athletico-PR,3,3,
Brasileirão,27ª rodada,2026-09-12,16:00,Atlético-MG,Fluminense,3,1,
Brasileirão,27ª rodada,2026-09-12,16:00,Grêmio,Vasco da Gama,1,2,
Brasileirão,27ª rodada,2026-09-12,17:00,Chapecoense,Internacional,1,2,
Brasileirão,27ª rodada,2026-09-12,18:30,Palmeiras,São Paulo,2,0,
Brasileirão,27ª rodada,2026-09-12,20:30,Botafogo,Bragantino,1,1,
Brasileirão,27ª rodada,2026-09-12,21:00,Santos,Cruzeiro,2,1,
Brasileirão,27ª rodada,2026-09-13,16:00,Mirassol,Vitória,2,2,
Brasileirão,27ª rodada,2026-09-13,17:30,Flamengo,Corinthians,2,1,
Brasileirão,27ª rodada,2026-09-14,20:00,Bahia,Remo,2,1,
Sul-Americana,Quartas (volta),2026-09-15,,São Paulo,Boca Juniors,1,1,Eliminado (1 x 2 no agregado)
Brasileirão,21ª rodada,2026-09-16,19:30,Botafogo,Grêmio,3,2,
Brasileirão,28ª rodada,2026-09-19,16:00,Atlético-MG,Chapecoense,1,1,
Brasileirão,28ª rodada,2026-09-19,17:00,Mirassol,Botafogo,2,0,
Brasileirão,28ª rodada,2026-09-19,18:30,Remo,Santos,1,2,
Brasileirão,28ª rodada,2026-09-19,20:30,Vasco da Gama,Coritiba,5,0,
Brasileirão,28ª rodada,2026-09-19,21:00,São Paulo,Internacional,1,0,
Brasileirão,28ª rodada,2026-09-20,11:00,Grêmio,Palmeiras,0,0,
Brasileirão,28ª rodada,2026-09-20,16:00,Corinthians,Fluminense,1,3,
Brasileirão,28ª rodada,2026-09-20,16:00,Vitória,Cruzeiro,1,3,
Brasileirão,28ª rodada,2026-09-20,18:30,Flamengo,Bragantino,2,1,
Brasileirão,28ª rodada,2026-09-20,19:30,Athletico-PR,Bahia,2,1,
Brasileirão,21ª rodada,2026-10-02,20:00,São Paulo,Santos,,,Jogo adiado da 21ª rodada; Calleri suspenso
Brasileirão,21ª rodada,2026-10-03,18:30,Atlético-MG,Bragantino,,,
Brasileirão,29ª rodada,2026-10-07,19:30,Bragantino,Mirassol,,,
Brasileirão,29ª rodada,2026-10-07,19:30,Internacional,Corinthians,,,
Brasileirão,29ª rodada,2026-10-07,19:30,Remo,Grêmio,,,
Brasileirão,29ª rodada,2026-10-07,20:00,Vitória,Chapecoense,,,
Brasileirão,29ª rodada,2026-10-07,20:30,Botafogo,Vasco da Gama,,,
Brasileirão,29ª rodada,2026-10-07,21:30,Cruzeiro,São Paulo,,,
Brasileirão,29ª rodada,2026-10-08,19:30,Santos,Flamengo,,,
Brasileirão,29ª rodada,2026-10-08,20:00,Athletico-PR,Atlético-MG,,,
Brasileirão,29ª rodada,2026-10-08,21:30,Fluminense,Coritiba,,,
Brasileirão,29ª rodada,2026-10-08,21:30,Palmeiras,Bahia,,,
Brasileirão,30ª rodada,2026-10-10,17:00,Vasco da Gama,Remo,,,
Brasileirão,30ª rodada,2026-10-10,21:00,São Paulo,Vitória,,,
Brasileirão,30ª rodada,2026-10-11,16:00,Atlético-MG,Santos,,,
Brasileirão,30ª rodada,2026-10-11,17:30,Flamengo,Fluminense,,,
Brasileirão,30ª rodada,2026-10-11,17:30,Grêmio,Internacional,,,
Brasileirão,30ª rodada,2026-10-11,17:30,Palmeiras,Corinthians,,,
Brasileirão,30ª rodada,2026-10-11,19:30,Bahia,Mirassol,,,
Brasileirão,30ª rodada,2026-10-11,19:30,Coritiba,Botafogo,,,
Brasileirão,30ª rodada,2026-10-12,19:30,Chapecoense,Athletico-PR,,,
Brasileirão,30ª rodada,2026-10-12,21:00,Bragantino,Cruzeiro,,,
Brasileirão,31ª rodada,2026-10-17,,Athletico-PR,Palmeiras,,,
Brasileirão,31ª rodada,2026-10-17,,Atlético-MG,Coritiba,,,
Brasileirão,31ª rodada,2026-10-17,,Bahia,Flamengo,,,
Brasileirão,31ª rodada,2026-10-17,,Botafogo,Chapecoense,,,
Brasileirão,31ª rodada,2026-10-17,,Corinthians,Vitória,,,
Brasileirão,31ª rodada,2026-10-17,,Fluminense,Santos,,,
Brasileirão,31ª rodada,2026-10-17,,Grêmio,Cruzeiro,,,
Brasileirão,31ª rodada,2026-10-17,,Mirassol,Internacional,,,
Brasileirão,31ª rodada,2026-10-17,,Remo,Bragantino,,,
Brasileirão,31ª rodada,2026-10-17,,São Paulo,Vasco da Gama,,,
Brasileirão,32ª rodada,2026-10-24,,Chapecoense,Fluminense,,,
Brasileirão,32ª rodada,2026-10-24,,Coritiba,Grêmio,,,
Brasileirão,32ª rodada,2026-10-24,,Cruzeiro,Remo,,,
Brasileirão,32ª rodada,2026-10-24,,Flamengo,Atlético-MG,,,
Brasileirão,32ª rodada,2026-10-24,,Internacional,Botafogo,,,
Brasileirão,32ª rodada,2026-10-24,,Mirassol,São Paulo,,,
Brasileirão,32ª rodada,2026-10-24,,Palmeiras,Bragantino,,,
Brasileirão,32ª rodada,2026-10-24,,Santos,Bahia,,,
Brasileirão,32ª rodada,2026-10-24,,Vasco da Gama,Corinthians,,,
Brasileirão,32ª rodada,2026-10-24,,Vitória,Athletico-PR,,,
Brasileirão,33ª rodada,2026-10-28,,Atlético-MG,Cruzeiro,,,
Brasileirão,33ª rodada,2026-10-28,,Bahia,São Paulo,,,
Brasileirão,33ª rodada,2026-10-28,,Bragantino,Chapecoense,,,
Brasileirão,33ª rodada,2026-10-28,,Corinthians,Mirassol,,,
Brasileirão,33ª rodada,2026-10-28,,Coritiba,Vitória,,,
Brasileirão,33ª rodada,2026-10-28,,Fluminense,Internacional,,,
Brasileirão,33ª rodada,2026-10-28,,Grêmio,Athletico-PR,,,
Brasileirão,33ª rodada,2026-10-28,,Remo,Botafogo,,,
Brasileirão,33ª rodada,2026-10-28,,Santos,Palmeiras,,,
Brasileirão,33ª rodada,2026-10-28,,Vasco da Gama,Flamengo,,,
Brasileirão,34ª rodada,2026-11-04,,Athletico-PR,Vasco da Gama,,,
Brasileirão,34ª rodada,2026-11-04,,Botafogo,Atlético-MG,,,
Brasileirão,34ª rodada,2026-11-04,,Bragantino,Santos,,,
Brasileirão,34ª rodada,2026-11-04,,Chapecoense,Mirassol,,,
Brasileirão,34ª rodada,2026-11-04,,Cruzeiro,Bahia,,,
Brasileirão,34ª rodada,2026-11-04,,Flamengo,Grêmio,,,
Brasileirão,34ª rodada,2026-11-04,,Internacional,Coritiba,,,
Brasileirão,34ª rodada,2026-11-04,,Palmeiras,Remo,,,
Brasileirão,34ª rodada,2026-11-04,,São Paulo,Corinthians,,,
Brasileirão,34ª rodada,2026-11-04,,Vitória,Fluminense,,,
Brasileirão,35ª rodada,2026-11-18,,Corinthians,Botafogo,,,
Brasileirão,35ª rodada,2026-11-18,,Coritiba,Santos,,,
Brasileirão,35ª rodada,2026-11-18,,Cruzeiro,Palmeiras,,,
Brasileirão,35ª rodada,2026-11-18,,Flamengo,Athletico-PR,,,
Brasileirão,35ª rodada,2026-11-18,,Grêmio,Bahia,,,
Brasileirão,35ª rodada,2026-11-18,,Mirassol,Atlético-MG,,,
Brasileirão,35ª rodada,2026-11-18,,Remo,Chapecoense,,,
Brasileirão,35ª rodada,2026-11-18,,São Paulo,Fluminense,,,
Brasileirão,35ª rodada,2026-11-18,,Vasco da Gama,Internacional,,,
Brasileirão,35ª rodada,2026-11-18,,Vitória,Bragantino,,,
Brasileirão,36ª rodada,2026-11-21,,Athletico-PR,Remo,,,
Brasileirão,36ª rodada,2026-11-21,,Atlético-MG,Corinthians,,,
Brasileirão,36ª rodada,2026-11-21,,Bahia,Coritiba,,,
Brasileirão,36ª rodada,2026-11-21,,Botafogo,São Paulo,,,
Brasileirão,36ª rodada,2026-11-21,,Bragantino,Vasco da Gama,,,
Brasileirão,36ª rodada,2026-11-21,,Chapecoense,Cruzeiro,,,
Brasileirão,36ª rodada,2026-11-21,,Fluminense,Mirassol,,,
Brasileirão,36ª rodada,2026-11-21,,Internacional,Vitória,,,
Brasileirão,36ª rodada,2026-11-21,,Palmeiras,Flamengo,,,
Brasileirão,36ª rodada,2026-11-21,,Santos,Grêmio,,,
Brasileirão,37ª rodada,2026-11-28,,Atlético-MG,Vasco da Gama,,,
Brasileirão,37ª rodada,2026-11-28,,Botafogo,Bahia,,,
Brasileirão,37ª rodada,2026-11-28,,Chapecoense,Palmeiras,,,
Brasileirão,37ª rodada,2026-11-28,,Corinthians,Grêmio,,,
Brasileirão,37ª rodada,2026-11-28,,Coritiba,Flamengo,,,
Brasileirão,37ª rodada,2026-11-28,,Fluminense,Cruzeiro,,,
Brasileirão,37ª rodada,2026-11-28,,Internacional,Bragantino,,,
Brasileirão,37ª rodada,2026-11-28,,Mirassol,Athletico-PR,,,
Brasileirão,37ª rodada,2026-11-28,,São Paulo,Remo,,,
Brasileirão,37ª rodada,2026-11-28,,Vitória,Santos,,,
Brasileirão,38ª rodada,2026-12-02,,Athletico-PR,São Paulo,,,
Brasileirão,38ª rodada,2026-12-02,,Bahia,Atlético-MG,,,
Brasileirão,38ª rodada,2026-12-02,,Bragantino,Fluminense,,,
Brasileirão,38ª rodada,2026-12-02,,Cruzeiro,Internacional,,,
Brasileirão,38ª rodada,2026-12-02,,Flamengo,Chapecoense,,,
Brasileirão,38ª rodada,2026-12-02,,Grêmio,Mirassol,,,
Brasileirão,38ª rodada,2026-12-02,,Palmeiras,Coritiba,,,
Brasileirão,38ª rodada,2026-12-02,,Remo,Corinthians,,,
Brasileirão,38ª rodada,2026-12-02,,Santos,Botafogo,,,
Brasileirão,38ª rodada,2026-12-02,,Vasco da Gama,Vitória,,,
